true.nxe	GENIE.fpr	GENIE.fpr.ci	GENIE.fpr.2	GENIE.fpr.ci.2	GENIE.se.ratio	MEMMA.fpr	MEMMA.fpr.ci	MEMMA.fpr.2	MEMMA.fpr.ci.2	MEMMA.se.ratio	MonsterLM.fpr	MonsterLM.fpr.ci	MonsterLM.fpr.2	MonsterLM.fpr.ci.2	MonsterLM.se.ratio
0.0	0.03	0.03343509533409468	0.07	0.05000881522291845	0.8331733850204159	0.27	0.0870160536912586	0.07	0.05000881522291845	4.364161524336308	0.01	0.01950175376728975	0.01	0.01950175376728975	1.0939504029930904
0.04	0.03	0.03343509533409468	0.09	0.056091625043316405	0.8672214820148727	0.17	0.07362402868629235	0.02	0.02744	4.32638326922278	0.07	0.05000881522291845	0.06	0.04654742098118863	1.0953402751389354
0.1	0.04	0.038407999166840234	0.07	0.05000881522291845	0.9122695848438548	0.06	0.04654742098118863	0.0	0.0	4.197152372553183	0.17	0.07362402868629235	0.14	0.0680094581657581	1.09396413762621
0.2	0.05	0.042717209646698596	0.04	0.038407999166840234	1.0442551728436569	0.0	0.0	0.0	0.0	3.6116770643947036	0.23	0.08248317161700318	0.29	0.08893736222758127	0.9123770534540727
