true.nxe	GENIE.fpr	GENIE.fpr.ci	GENIE.fpr.2	GENIE.fpr.ci.2	GENIE.se.ratio	MEMMA.fpr	MEMMA.fpr.ci	MEMMA.fpr.2	MEMMA.fpr.ci.2	MEMMA.se.ratio	MonsterLM.fpr	MonsterLM.fpr.ci	MonsterLM.fpr.2	MonsterLM.fpr.ci.2	MonsterLM.se.ratio
0.0	0.07	0.05000881522291845	0.08	0.05317346706770211	1.0235779156274434	0.23	0.08248317161700318	0.04	0.038407999166840234	3.0404030248831155	0.9292929292929293	0.05024164036218397	0.9595959595959596	0.03859336750671834	0.9202612500410235
0.04	0.11	0.0613263923608751	0.09	0.056091625043316405	1.0577527400957134	1.0	0.0	1.0	0.0	2.735205394542896	0.9489795918367347	0.043127717305695625	0.9897959183673469	0.019697715603592222	0.8749895356036874
0.1	0.11	0.0613263923608751	0.1	0.058800000000000005	1.0514919801014468	1.0	0.0	1.0	0.0	2.491872291845255	1.0	0.0	1.0	0.0	0.8879605858409523
0.2	0.1	0.058800000000000005	0.08	0.05317346706770211	1.025157253024414	1.0	0.0	1.0	0.0	2.2221700501253983	1.0	0.0	1.0	0.0	0.8951002465969348
