pheno	common	low_freq	rare	ultra-rare	noise	all	pvalue
0	-0.0005344583839534298	0.0004033166408444898	0.0010865096299254035	0.00035368352787869945	0.9986909485853048	0.001309051414695163	0.02100526733806174
